2026-05-07	CARE	Carter Bankshares, Inc.	45	Elizabeth L. Walsh	Director	$120k	5k	$26.20	+
2026-05-07	ARE	Alexandria Real Estate Equities, Inc.	55	Joel S Marcus	Executive Chairman	$183k	4k	$45.99	+
2026-05-07	BCML	BayCom Corp	48	William J Black	Executive Vice Chair	$802k	27k	$30.22	+
2026-05-07	DGICA	Donegal Group, Inc.	60	DONEGAL MUTUAL INSURANCE CO	10% Owner	$140k	9k	$16.50	+
2026-05-07	DGICA	Donegal Group, Inc.	60	DONEGAL MUTUAL INSURANCE CO	10% Owner	$142k	9k	$16.65	+
2026-05-07	GOLD	Gold.com, Inc.	56	Tether Global Investments Fund, S.I.C.A.F., S.A. / TPM, S.A. de C.V. / Giancarlo Devasini	10% Owner	$23.6M	530k	$44.50	+
2026-05-07	ARE	Alexandria Real Estate Equities, Inc.	55	Joel S Marcus	Executive Chairman	$164k	4k	$46.74	+
2026-05-07	GEHC	GE HealthCare Technologies Inc.	69	Lawrence H Culp JR	Director	$5.0M	81k	$61.88	+
2026-05-07	EXE	Expand Energy Corporation	64	Marcel Teunissen	EVP & CFO	$193k	2k	$96.43	+
2026-05-07	OPCH	Option Care Health, Inc.	78	Timothy P Sullivan	Director	$500k	24k	$20.69	+
2026-05-07	SRAD	Sportradar Group AG	66	Koerl Carsten	Chief Executive Officer	$2.1M	158k	$13.49	+
2026-05-07	OGN	Organon & Co.	46	Lynette Holzbaur	SVP and Corporate Controller	$353k	26k	$13.35	+
2026-05-07	BCML	BayCom Corp	48	William J Black	Executive Vice Chair	$196k	7k	$29.99	+
2026-05-07	ANGX	Angel Studios, Inc.	52	Steven I Sarowitz	Director	$983k	322k	$3.06	+
2026-05-06	SRAD	Sportradar Group AG	66	Koerl Carsten	Chief Executive Officer	$2.1M	158k	$13.40	+
2026-05-06	ALKT	Alkami Technology, Inc.	51	GENERAL ATLANTIC GENPAR (BERMUDA), L.P. / GAP (Bermuda) L.P. / GAP Coinvestments CDA, L.P. / Atlantic (Al), L.P. General / General Atlantic (AL) SPV, L.P. / General Atlantic (SPV) GP, LLC / GA AL Holding, L.P. / General Atlantic Partners (Bermuda) IV, L.P	Director, 10% Owner	$8.8M	522k	$16.92	+
2026-05-06	NSP	Insperity, Inc.	54	Paul J Sarvadi	Chairman of the Board & CEO	$1.4M	50k	$29.26	+
2026-05-06	ARE	Alexandria Real Estate Equities, Inc.	55	Joel S Marcus	Executive Chairman	$164k	4k	$42.76	+
2026-05-06	SRAD	Sportradar Group AG	66	Koerl Carsten	Chief Executive Officer	$2.4M	182k	$13.38	+
2026-05-06	BRK.B	Berkshire Hathaway Inc. New	61	Michael J. O'Sullivan	Senior Vice President, General Counsel and Secretary	$226k	483	$467.13	+
2026-05-06	ALKT	Alkami Technology, Inc.	51	GENERAL ATLANTIC, L.P. / GENERAL ATLANTIC GENPAR, L.P. / General Atlantic Partners 100, L.P. / GAP COINVESTMENTS III, LLC / GAP COINVESTMENTS IV, LLC / GAP Coinvestments V, LLC / General Atlantic Partners (Bermuda) EU, L.P. / General Atlantic Partners (Lu	Director, 10% Owner	$11.8M	700k	$16.84	+
2026-05-06	TLX	Telix Pharmaceuticals Limited	53	Christian Behrenbruch	MD & Group CEO	$497k	33k	$14.87	+
2026-05-06	NSP	Insperity, Inc.	54	Paul J Sarvadi	Chairman of the Board & CEO	$1.4M	50k	$28.20	+
2026-05-06	ALKT	Alkami Technology, Inc.	51	GENERAL ATLANTIC, L.P. / GENERAL ATLANTIC GENPAR, L.P. / General Atlantic Partners 100, L.P. / GAP COINVESTMENTS III, LLC / GAP COINVESTMENTS IV, LLC / GAP Coinvestments V, LLC / General Atlantic Partners (Bermuda) EU, L.P. / General Atlantic Partners (Lu	Director, 10% Owner	$14.0M	845k	$16.63	+
2026-05-06	TLX	Telix Pharmaceuticals Limited	53	Christian Behrenbruch	MD & Group CEO	$500k	35k	$14.48	+
2026-05-06	ALKT	Alkami Technology, Inc.	51	GENERAL ATLANTIC, L.P. / GENERAL ATLANTIC GENPAR, L.P. / General Atlantic Partners 100, L.P. / GAP COINVESTMENTS III, LLC / GAP COINVESTMENTS IV, LLC / GAP Coinvestments V, LLC / General Atlantic Partners (Bermuda) EU, L.P. / General Atlantic Partners (Lu	Director, 10% Owner	$8.8M	522k	$16.92	+
2026-05-06	AMG	Affiliated Managers Group, Inc.	54	Staley G. Cates	Director	$459k	2k	$305.83	+
2026-05-06	ONEW	OneWater Marine Inc.	42	Singleton Philip Austin Jr. / Auburn OWMH, LLLP / Singleton Irrevocable Trust, Dated December 30, 2015 Austin / Singleton Irrevocable Trust, Dated December 24, 2015 Philip / Singleton Asset Management, LLC / Michelle Singleton	Executive Chairman	$239k	22k	$10.88	+
2026-05-06	ALKT	Alkami Technology, Inc.	51	GENERAL ATLANTIC GENPAR (BERMUDA), L.P. / GAP (Bermuda) L.P. / GAP Coinvestments CDA, L.P. / Atlantic (Al), L.P. General / General Atlantic (AL) SPV, L.P. / General Atlantic (SPV) GP, LLC / GA AL Holding, L.P. / General Atlantic Partners (Bermuda) IV, L.P	Director, 10% Owner	$14.0M	845k	$16.63	+
2026-05-06	WTW	Willis Towers Watson Public Limited Company	73	Lucy Clarke	President of Risk & Broking	$499k	2k	$263.37	+
2026-05-06	ALKT	Alkami Technology, Inc.	51	GENERAL ATLANTIC GENPAR (BERMUDA), L.P. / GAP (Bermuda) L.P. / GAP Coinvestments CDA, L.P. / Atlantic (Al), L.P. General / General Atlantic (AL) SPV, L.P. / General Atlantic (SPV) GP, LLC / GA AL Holding, L.P. / General Atlantic Partners (Bermuda) IV, L.P	Director, 10% Owner	$11.8M	700k	$16.84	+
2026-05-06	BRO	Brown & Brown, Inc.	74	Palmer H Proctor JR	Director	$114k	2k	$57.10	+
2026-05-05	MKL	Markel Group Inc.	67	Lynne A. Puckett	Director	$102k	57	$1795.53	+
2026-05-05	AVTR	Avantor, Inc.	53	Simon Dingemans	Director	$204k	25k	$8.14	+
2026-05-05	ARE	Alexandria Real Estate Equities, Inc.	55	Joel S Marcus	Executive Chairman	$410k	10k	$41.02	+
2026-05-05	L	Loews Corporation	70	Dino Robusto	Director	$527k	5k	$105.44	+
2026-05-05	CAT	Caterpillar, Inc.	44	David Maclennan	Director	$219k	250	$876.84	+
2026-05-05	ECL	Ecolab Inc.	66	David Maclennan	Director	$206k	800	$256.91	+
2026-05-05	WTW	Willis Towers Watson Public Limited Company	73	Carl Aaron Hess	Chief Executive Officer	$510k	2k	$255.08	+
2026-05-05	BUSE	First Busey Corporation	55	Scott A. Phillips	Chief Accounting Officer	$130k	5k	$25.90	+
2026-05-05	CLX	Clorox Company (The)	67	Pierre R Breber	Director	$429k	5k	$85.82	+
2026-05-05	TENB	Tenable Holdings, Inc.	48	Matthew Charles Brown	Chief Financial Officer	$258k	12k	$21.54	+
2026-05-05	OPCH	Option Care Health, Inc.	78	Jansen M Kraemer Harry JR	Director	$784k	37k	$21.41	+
2026-05-04	RIVN	Rivian Automotive, Inc.	71	VOLKSWAGEN AG / Volkswagen US-Holding, Inc.	10% Owner	$999.9M	62.9M	$15.90	+
2026-05-04	JEF	Jefferies Financial Group Inc.	41	SUMITOMO MITSUI FINANCIAL GROUP, INC.	Director	$310.0M	6.4M	$48.22	+
2026-05-04	CSGP	CoStar Group, Inc.	72	Andrew C Florance	President and CEO	$111k	3k	$35.82	+
2026-05-04	CSGP	CoStar Group, Inc.	72	Andrew C Florance	President and CEO	$2.4M	68k	$35.17	+
2026-05-04	TMUS	T-Mobile US, Inc.	61	Andre Almeida	Chief Broadband, Ent. & Emerg	$1.0M	5k	$196.18	+
2026-05-04	ARE	Alexandria Real Estate Equities, Inc.	55	Gregory Calvin Thomas	EVP - CTO	$144k	4k	$41.00	+
2026-05-04	ACGL	Arch Capital Group Ltd.	63	Daniel Joseph Houston	Director	$499k	5k	$94.08	+
2026-05-04	OPCH	Option Care Health, Inc.	78	Meenal Sethna	Chief Financial Officer	$327k	16k	$20.16	+
2026-05-04	OPCH	Option Care Health, Inc.	78	John Charles Rademacher	Chief Executive Officer	$265k	13k	$21.18	+
2026-05-04	FND	Floor & Decor Holdings, Inc.	57	Bryan Langley	EVP & CHIEF FINANCIAL OFFICER	$122k	3k	$48.69	+
2026-05-04	FND	Floor & Decor Holdings, Inc.	57	Bradley Paulsen	Chief Executive Officer	$251k	5k	$50.25	+
2026-05-04	SRAD	Sportradar Group AG	66	Koerl Carsten	Chief Executive Officer	$1.5M	111k	$13.06	+
2026-05-04	SRAD	Sportradar Group AG	66	Koerl Carsten	Chief Executive Officer	$1.9M	143k	$13.23	+
2026-05-04	SRAD	Sportradar Group AG	66	Marc Walder	Director	$843k	66k	$12.77	+
2026-05-04	SRAD	Sportradar Group AG	66	William Kurtz	Director	$104k	8k	$12.97	+
2026-05-01	GEHC	GE HealthCare Technologies Inc.	69	James Saccaro	Chief Financial Officer	$201k	3k	$60.60	+
2026-05-01	TXT	Textron Inc.	58	Thomas A Kennedy	Director	$989k	10k	$95.98	+
2026-05-01	IP	International Paper Company	63	Scott Tozier	Director	$313k	10k	$31.30	+
2026-04-30	BWMX	Betterware de Mexico, S.A.P.I. de C.V.	65	Andres Campos Chevallier	CHIEF EXECUTIVE OFFICER	$168k	10k	$16.81	+
2026-04-30	GEHC	GE HealthCare Technologies Inc.	69	Frank R Jimenez	GC & Corporate Secretary	$106k	2k	$60.45	+
2026-04-30	ANIK	Anika Therapeutics Inc.	56	Stephen D. Griffin	President and CEO	$150k	12k	$12.29	+
2026-04-30	GEHC	GE HealthCare Technologies Inc.	69	Peter J Arduini	President and CEO	$250k	4k	$59.92	+
2026-04-30	BDC	Belden Inc	69	ASSURED GUARANTY LTD / Assured Guaranty US Holdings Inc. / Assured Guaranty Municipal Holdings Inc. / Assured Guaranty Inc. / AG Asset Strategies LLC	10% Owner	$6.0M	243k	$24.72	+
2026-04-29	AVBC	Avidia Bancorp, Inc.	61	James N Ball	Director	$103k	5k	$20.60	+
2026-04-29	ZBIO	Zenas BioPharma, Inc.	61	Leon O Moulder JR	Chief Executive Officer	$617k	35k	$17.62	+
2026-04-29	ZBIO	Zenas BioPharma, Inc.	61	Leon O Moulder JR	Chief Executive Officer	$451k	25k	$18.02	+
2026-04-28	LW	Lamb Weston Holdings, Inc.	62	James D Gray	Chief Financial Officer	$200k	5k	$43.85	+
2026-04-28	WASH	Washington Trust Bancorp, Inc.	60	Edward O. Handy III	Chairman and CEO	$100k	3k	$31.32	+
2026-04-27	HYMC	Hycroft Mining Holding Corporation	57	Sprott Eric / 2176423 Ontario Ltd.	10% Owner	$3.8M	100k	$37.84	+
2026-04-27	WASH	Washington Trust Bancorp, Inc.	60	James Cannon Brown	SEVP, Chief Comm'l Banking Off	$375k	12k	$31.51	+
2026-04-27	WASH	Washington Trust Bancorp, Inc.	60	James Cannon Brown	SEVP, Chief Comm'l Banking Off	$622k	20k	$30.97	+
2026-04-24	NBBK	NB Bancorp, Inc.	63	Hope Pascucci	Director	$195k	10k	$19.49	+
2026-04-24	SMPL	The Simply Good Foods Company	64	James M Kilts	Director	$991k	80k	$12.39	+
2026-04-24	WSBC	WesBanco, Inc.	61	Lee J. Burdman	Director	$101k	3k	$33.60	+
2026-04-24	WSBC	WesBanco, Inc.	61	Louis Michael Altman	Director	$101k	3k	$33.72	+
2026-04-24	NBBK	NB Bancorp, Inc.	63	Hope Pascucci	Director	$194k	10k	$19.44	+
2026-04-23	PRLD	Prelude Therapeutics Incorporated	53	David P Bonita	Director, 10% Owner	$5.0M	1.1M	$4.44	+
2026-04-23	RZLV	Rezolve AI PLC	66	Wagner Daniel Maurice	Chief Executive Officer	$1.1M	273k	$4.00	+
2026-04-23	PRLD	Prelude Therapeutics Incorporated	53	ORBIMED ADVISORS LLC / OrbiMed Capital GP VI LLC / ORBIMED CAPITAL LLC / OrbiMed Genesis GP LLC	Director, 10% Owner	$5.0M	1.1M	$4.44	+
2026-04-23	PRLD	Prelude Therapeutics Incorporated	53	David P Bonita	Director, 10% Owner	$7.5M	1.7M	$4.44	+
2026-04-23	PRLD	Prelude Therapeutics Incorporated	53	ORBIMED ADVISORS LLC / OrbiMed Capital GP VI LLC / ORBIMED CAPITAL LLC / OrbiMed Genesis GP LLC	Director, 10% Owner	$7.5M	1.7M	$4.44	+
2026-04-23	BMI	Badger Meter, Inc.	67	Robert Wrocklage	EVP-N.A. Muncipal Utility	$122k	1k	$122.35	+
2026-04-23	RZLV	Rezolve AI PLC	66	Wagner Daniel Maurice	Chief Executive Officer	$2.2M	540k	$4.00	+
2026-04-22	HTO	H2O America	58	GIP ATLAS Holdings Ltd	10% Owner	$3.0M	50k	$59.06	+
2026-04-22	BMI	Badger Meter, Inc.	67	Richard Htwe	VP-Global Operations	$197k	2k	$116.13	+
2026-04-21	BMI	Badger Meter, Inc.	67	Kenneth Bockhorst	Chairman, President & CEO	$259k	2k	$117.53	+
2026-04-20	HOMB	Home BancShares, Inc.	60	John W Allison	Chairman & CEO	$2.7M	100k	$26.96	+
2026-04-20	OKTA	Okta, Inc.	49	David Schellhase	Director	$188k	3k	$71.86	+
2026-04-20	AIRS	AirSculpt Technologies, Inc.	43	Jorey Chernett	10% Owner	$102k	40k	$2.54	+
2026-04-20	THM	International Tower Hill Mines, Ltd.	56	PAULSON & CO. INC.	10% Owner	$12.6M	4.9M	$2.56	+
2026-04-17	IONQ	IonQ, Inc.	51	Robert T. Cardillo	Director	$112k	3k	$44.90	+
2026-04-17	BORR	Borr Drilling Limited	56	Troim Tor Olav	Director	$2.8M	500k	$5.58	+
2026-04-16	SBLK	Star Bulk Carriers Corp.	39	Charis Plakantonaki	Chief Strategy Officer	$405k	17k	$24.56	+
2026-04-15	LW	Lamb Weston Holdings, Inc.	62	JANA Partners Management, LP	Director	$2.2M	50k	$43.19	+
2026-04-15	TBN	Tamboran Resources Corporation	59	Phillip Z Pace	Director	$370k	10k	$36.99	+
2026-04-15	CAG	ConAgra Brands, Inc.	64	John J Mulligan	Director	$250k	18k	$14.31	+
2026-04-15	CAG	ConAgra Brands, Inc.	64	Richard H Lenny	Director	$359k	25k	$14.34	+
2026-04-15	LW	Lamb Weston Holdings, Inc.	62	JANA Partners Management, LP	Director	$4.2M	100k	$42.12	+
2026-04-14	NKE	Nike, Inc.	65	Timothy D Cook	Director	$1.1M	25k	$42.43	+
2026-04-14	NKE	Nike, Inc.	65	Elliott Hill	PRESIDENT & CEO	$1000k	24k	$42.27	+
2026-04-13	HTO	H2O America	58	ATLAS Infrastructure Partners (UK) Ltd.	10% Owner	$3.0M	50k	$59.06	+
2026-04-13	SMC	Summit Midstream Corporation	59	Connect Midstream, LLC / Tailwater Energy Fund III LP / Tailwater Capital LLC / Jason H Downie / Edward Herring	10% Owner	$37.9M	1.2M	$31.08	+
2026-04-13	CHPT	ChargePoint Holdings, Inc.	57	Richard Wilmer	President and CEO	$250k	47k	$5.34	+
2026-04-13	MESO	Mesoblast Limited	64	George Gregory	Director, 10% Owner	$720k	500k	$1.44	+
2026-04-13	MESO	Mesoblast Limited	64	George Gregory	Director, 10% Owner	$153k	105k	$1.46	+
2026-04-13	MESO	Mesoblast Limited	64	George Gregory	Director, 10% Owner	$1.3M	887k	$1.43	+
2026-04-13	MKC	McCormick & Company, Incorporated	67	Gavin Hattersley	Director	$106k	2k	$52.98	+
2026-04-10	AYI	Acuity Inc.	54	O'Shaughnessy Laura	Director	$283k	1k	$282.98	+
2026-04-10	TBN	Tamboran Resources Corporation	59	Scott D Sheffield	Director	$252k	7k	$36.02	+
2026-04-10	NKE	Nike, Inc.	65	John W Rogers JR	Director	$173k	4k	$43.34	+
2026-04-10	HYMC	Hycroft Mining Holding Corporation	57	Sprott Eric / 2176423 Ontario Ltd.	10% Owner	$3.8M	100k	$38.28	+
2026-04-10	USAU	U.S. Gold Corp.	55	Luke Anthony Norman	Director	$146k	10k	$14.63	+
2026-04-10	HYMC	Hycroft Mining Holding Corporation	57	Sprott Eric / 2176423 Ontario Ltd.	10% Owner	$3.9M	100k	$39.06	+
2026-04-10	ENR	Energizer Holdings, Inc.	60	Aqua Capital, Ltd. / Durango Capital, Ltd. / Fundacion Omerinta / Brinza International Corp / Fundacion Barniz / Ramirez Alfredo Jose Diez	10% Owner	$251k	14k	$17.47	+
2026-04-10	BETR	Better Home & Finance Holding Company	69	Framework Ventures IV L.P. / Framework Ventures Management LLC / Framework Ventures IV GP LLC / Vance Spencer / Michael Ernest Anderson / Framework Labs, Inc.	10% Owner	$1.8M	54k	$32.96	+
2026-04-09	LW	Lamb Weston Holdings, Inc.	62	JANA Partners Management, LP	Director	$5.6M	136k	$40.89	+
2026-04-09	BETR	Better Home & Finance Holding Company	69	Harit Talwar	Director	$164k	5k	$32.89	+
2026-04-09	LW	Lamb Weston Holdings, Inc.	62	JANA Partners Management, LP	Director	$4.1M	100k	$41.41	+
2026-04-08	AIRS	AirSculpt Technologies, Inc.	43	Jorey Chernett	10% Owner	$176k	60k	$2.93	+
2026-04-08	NKE	Nike, Inc.	65	Robert Holmes Swan	Director	$500k	12k	$42.44	+
2026-04-08	BETR	Better Home & Finance Holding Company	69	Garg Vishal	Chief Executive Officer	$351k	10k	$35.05	+
2026-04-08	LW	Lamb Weston Holdings, Inc.	62	Norman Prestage	Director	$104k	3k	$41.40	+
2026-04-07	LW	Lamb Weston Holdings, Inc.	62	Peter J Bensen	Director	$197k	5k	$39.45	+
2026-04-07	FUL	H. B. Fuller Company	58	Celeste Beeks Mastin	President and CEO	$295k	5k	$57.08	+
2026-04-07	CTGO	Contango ORE, Inc.	48	Clynton R. Nauman	Director	$186k	10k	$18.56	+
2026-04-07	OSCR	Oscar Health, Inc.	38	Mark T Bertolini	Chief Executive Officer	$11.9M	1.0M	$11.92	+
2026-04-06	AIRS	AirSculpt Technologies, Inc.	43	Jorey Chernett	10% Owner	$254k	90k	$2.82	+
2026-04-06	GSBD	Goldman Sachs BDC, Inc.	61	Carlos E Evans	Director	$451k	50k	$9.02	+
2026-04-06	VSCO	Victorias Secret & Co.	62	Donna James	Director	$101k	2k	$46.23	+
2026-04-06	SCVL	Shoe Carnival, Inc.	59	Kerry W Jackson	EVP - CFO	$500k	31k	$16.13	+
2026-04-06	BETR	Better Home & Finance Holding Company	69	Harit Talwar	Director	$176k	5k	$35.24	+
2026-04-06	CODI	D/B/A Compass Diversified Holdings Shares of Beneficial Interest	42	Stephen Keller	Other	$173k	20k	$8.66	+
2026-04-06	VSCO	Victorias Secret & Co.	62	Anne Sheehan	Director	$222k	5k	$45.86	+
2026-04-03	VALE	VALE S.A.	58	Parenti Grazielle Tallia	Officer, Sustainability	$169k	10k	$16.11	+
2026-04-03	VALE	VALE S.A.	58	Sobrinho Sami Arap	Executive VP Legal Officer	$209k	13k	$16.11	+
2026-04-03	LULU	lululemon athletica inc.	72	Andre Maestrini	Pres, CCO & Interim Co-CEO	$495k	3k	$151.02	+
2026-04-02	BPRN	Princeton Bancorp, Inc.	56	Stephen Shueh	Director	$213k	7k	$30.44	+
2026-04-02	PHR	Phreesia, Inc.	55	Pale Fire Capital SE / Fire Capital Sicav A.S. Pale / Fire Capital Investicni Spolecnost A.S. Pale / Dusan Senkypl / Barta Jan	10% Owner	$1.4M	169k	$8.43	+
2026-04-02	PHR	Phreesia, Inc.	55	Pale Fire Capital SE / Fire Capital Sicav A.S. Pale / Fire Capital Investicni Spolecnost A.S. Pale / Dusan Senkypl / Barta Jan	10% Owner	$8.2M	1.0M	$8.16	+
2026-04-02	WCC	WESCO International, Inc.	45	Daniel J Castillo	EVP & GM, EES	$372k	1k	$266.06	+
2026-04-02	PHR	Phreesia, Inc.	55	Pale Fire Capital SE / Fire Capital Sicav A.S. Pale / Fire Capital Investicni Spolecnost A.S. Pale / Dusan Senkypl / Barta Jan	10% Owner	$882k	106k	$8.31	+
2026-04-01	VTS	Vitesse Energy Inc.	62	Leary Dan O	Director	$186k	10k	$18.56	+
2026-04-01	PGC	Peapack-Gladstone Financial Corporation	51	Douglas L Kennedy	President & CEO	$398k	11k	$35.21	+
2026-04-01	RBRK	Rubrik, Inc.	43	Mark D Mclaughlin	Director	$502k	11k	$47.21	+
2026-04-01	ZBIO	Zenas BioPharma, Inc.	61	Fairmount Funds Management LLC / Fairmount Healthcare Fund II L.P. / Tomas Kiselak / Peter Evan Harwin	Director	$3.0M	150k	$20.00	+
2026-04-01	GIC	Global Industrial Company	74	Christopher Longhito	Other	$186k	6k	$31.05	+
2026-04-01	TSM	Taiwan Semiconductor Manufacturing Company Ltd.	46	Ursula M Burns	Director	$322k	1k	$322.05	+
2026-04-01	GTLB	GitLab Inc.	48	William Staples	Chief Executive Officer	$108k	5k	$21.30	+
2026-04-01	PGC	Peapack-Gladstone Financial Corporation	51	Frank A. Cavallaro	SEVP & Chief Financial Officer	$101k	3k	$34.95	+
2026-03-31	QFIN	Qfin Holdings, Inc.	60	Xiaohuan Chen	Director	$749k	60k	$12.48	+
2026-03-31	SBSW	D/B/A Sibanye-Stillwater Limited	54	Charles Edward Carter	Chief Regional Officer: Amer.	$114k	10k	$11.40	+
2026-03-31	IMNM	Immunome, Inc.	60	Clay B Siegall	President and CEO	$501k	25k	$19.67	+
2026-03-31	MLYS	Mineralys Therapeutics, Inc.	53	RA CAPITAL MANAGEMENT, L.P. / RA Capital Healthcare Fund LP / RA Capital Nexus Fund III, L.P. / Peter Kolchinsky / Rajeev M. Shah	Director	$7.4M	311k	$23.67	+
2026-03-31	NAVN	Navan, Inc.	38	Anre D Williams	Director	$1.2M	100k	$12.00	+
2026-03-31	QFIN	Qfin Holdings, Inc.	60	Xiaohuan Chen	Director	$2.4M	190k	$12.89	+
2026-03-31	TSM	Taiwan Semiconductor Manufacturing Company Ltd.	46	Shyue-Shyh Lin	VP	$164k	3k	$54.72	+
2026-03-31	ZBIO	Zenas BioPharma, Inc.	61	Leon O Moulder JR	Chief Executive Officer	$365k	20k	$18.23	+
2026-03-31	ZBIO	Zenas BioPharma, Inc.	61	Leon O Moulder JR	Chief Executive Officer	$657k	34k	$19.31	+
2026-03-31	MLYS	Mineralys Therapeutics, Inc.	53	RA CAPITAL MANAGEMENT, L.P. / RA Capital Healthcare Fund LP / RA Capital Nexus Fund III, L.P. / Peter Kolchinsky / Rajeev M. Shah	Director	$1.4M	58k	$24.16	+
2026-03-31	PAGS	PagSeguro Digital Ltd.	59	Luis Frias	Director	$2.5M	249k	$9.99	+
2026-03-31	ZBIO	Zenas BioPharma, Inc.	61	Hongbo Lu	Director	$1.5M	75k	$20.00	+
2026-03-31	PAGS	PagSeguro Digital Ltd.	59	Luis Frias	Director	$2.5M	249k	$9.94	+
2026-03-30	HTGC	Hercules Capital, Inc.	49	Wade Loo	Director	$105k	7k	$14.35	+
2026-03-30	HTGC	Hercules Capital, Inc.	49	Deanne Aguirre	Director	$105k	7k	$14.35	+
2026-03-30	LENZ	LENZ Therapeutics, Inc.	57	Evert B. Schimmelpennink	President, CEO and Secretary	$251k	28k	$8.95	+
2026-03-30	GO	Grocery Outlet Holding Corp.	51	Erik D. Ragatz	Director	$883k	125k	$7.06	+
2026-03-30	HTGC	Hercules Capital, Inc.	49	Thomas J Fallon	Director	$104k	7k	$14.30	+
2026-03-30	TSM	Taiwan Semiconductor Manufacturing Company Ltd.	46	Shyue-Shyh Lin	VP	$111k	2k	$55.63	+
2026-03-30	HTGC	Hercules Capital, Inc.	49	Nikos Theodosopoulos	Director	$105k	7k	$14.35	+
2026-03-30	HTGC	Hercules Capital, Inc.	49	Gayle A Crowell	Director	$105k	7k	$14.35	+
2026-03-30	KMTS	Kestra Medical Technologies, Ltd.	56	Raymond W Cohen	Director	$200k	10k	$19.98	+
2026-03-30	CME	CME Group Inc.	66	William R Shepard	Director	$419k	1k	$297.38	+
2026-03-30	WVE	Wave Life Sciences Ltd.	65	RA CAPITAL MANAGEMENT, L.P. / RA Capital Healthcare Fund LP / Peter Kolchinsky / Rajeev M. Shah	Director, 10% Owner	$30.0M	5.0M	$6.06	+
2026-03-30	WVE	Wave Life Sciences Ltd.	65	RA CAPITAL MANAGEMENT, L.P. / RA Capital Healthcare Fund LP / Peter Kolchinsky / Rajeev M. Shah	Director, 10% Owner	$2.2M	351k	$6.38	+
2026-03-30	WVE	Wave Life Sciences Ltd.	65	RA CAPITAL MANAGEMENT, L.P. / RA Capital Healthcare Fund LP / Peter Kolchinsky / Rajeev M. Shah	Director, 10% Owner	$16.0M	2.5M	$6.43	+
2026-03-30	WVE	Wave Life Sciences Ltd.	65	RA CAPITAL MANAGEMENT, L.P. / RA Capital Healthcare Fund LP / Peter Kolchinsky / Rajeev M. Shah	Director, 10% Owner	$6.3M	971k	$6.50	+
2026-03-27	PICS	PicS N.V.	59	Simoes Eduardo Chedid	Chief Executive Officer	$1.0M	88k	$11.52	+
2026-03-27	MED	MEDIFAST INC	41	Daniel R Chard	Chairman & CEO	$179k	18k	$10.11	+
2026-03-27	PANW	Palo Alto Networks, Inc.	38	Nikesh Arora	Chief Executive Officer	$10.0M	68k	$146.87	+
2026-03-27	FMNB	Farmers National Banc Corp.	54	Nicholas D Varischetti	Director	$947k	73k	$12.97	+
2026-03-27	TOI	The Oncology Institute, Inc.	45	Jorey Chernett	10% Owner	$158k	50k	$3.15	+
2026-03-27	IAUX	i-80 Gold Corp.	60	Richard Scott Young	President and CEO	$1.4M	1.0M	$1.40	+
2026-03-27	CDNL	Cardinal Infrastructure Group Inc.	54	Ivy Zelman	Director	$251k	7k	$36.33	+
2026-03-26	BORR	Borr Drilling Limited	56	Troim Tor Olav	Director	$2.6M	500k	$5.20	+
2026-03-26	BORR	Borr Drilling Limited	56	Jeffrey Currie	Director	$1.3M	250k	$5.31	+
2026-03-25	TOI	The Oncology Institute, Inc.	45	Jorey Chernett	10% Owner	$389k	125k	$3.11	+
2026-03-25	GO	Grocery Outlet Holding Corp.	51	N. J. Potter Jason	President and CEO	$700k	110k	$6.35	+
2026-03-25	NEXT	NextDecade Corporation	57	Pamela K.M. Beall	Director	$506k	72k	$7.07	+
2026-03-25	FRPH	FRP Holdings, Inc.	63	John D Baker II	Director, 10% Owner	$10.0M	478k	$20.90	+
2026-03-25	MGM	MGM Resorts International	56	IAC Inc.	10% Owner	$20.5M	550k	$37.30	+
2026-03-25	AIRS	AirSculpt Technologies, Inc.	43	Jorey Chernett	10% Owner	$146k	50k	$2.91	+
2026-03-25	MBAV	M3-Brigade Acquisition V Corp.	62	CANTOR FITZGERALD, L. P. / CANTOR FITZGERALD & CO. / CANTOR FITZGERALD SECURITIES / Group Management Inc CF / Brandon Lutnick	Other	$84.0M	7.8M	$10.80	+
2026-03-25	GSM	Ferroglobe PLC	67	Madrid Javier Lopez	Executive Chairman	$100k	26k	$3.86	+
2026-03-25	GSM	Ferroglobe PLC	67	de Fuentes Silvia Villar-Mir	Director	$100k	26k	$3.86	+
2026-03-25	MGM	MGM Resorts International	56	IAC Inc.	10% Owner	$16.7M	450k	$37.13	+
2026-03-24	ARQ	Arq, Inc.	48	Richard Campbell-Breeden	Director	$332k	150k	$2.21	+
2026-03-24	PICS	PicS N.V.	59	William Rodney Pruett	Director	$1.2M	100k	$11.80	+
2026-03-24	BETR	Better Home & Finance Holding Company	69	Garg Vishal	Chief Executive Officer	$291k	10k	$29.56	+
2026-03-24	BETR	Better Home & Finance Holding Company	69	Garg Vishal	Chief Executive Officer	$190k	7k	$28.37	+
2026-03-24	SLGL	Sol-Gel Technologies Ltd.	61	Opaleye Management Inc.	10% Owner	$2.5M	35k	$72.00	+
2026-03-24	SLGL	Sol-Gel Technologies Ltd.	61	Opaleye Management Inc.	10% Owner	$360k	5k	$72.00	+
2026-03-23	EPD	Enterprise Products Partners L.P.	60	AJ Teague	CO-CHIEF EXECUTIVE OFFICER	$100k	3k	$37.55	+
2026-03-23	BETR	Better Home & Finance Holding Company	69	Framework Ventures IV L.P. / Framework Ventures Management LLC / Framework Ventures IV GP LLC / Vance Spencer / Michael Ernest Anderson / Framework Labs, Inc.	10% Owner	$1.2M	40k	$29.60	+
2026-03-23	MSTR	Strategy Inc	48	Phong Le	President & CEO	$250k	3k	$99.62	+
2026-03-23	AHCO	AdaptHealth Corp.	67	Richard M Cashin JR	10% Owner	$4.4M	447k	$9.91	+
2026-03-23	AIRS	AirSculpt Technologies, Inc.	43	Jorey Chernett	10% Owner	$111k	40k	$2.77	+
2026-03-23	LULU	lululemon athletica inc.	72	Charles V Bergh	Director	$1000k	6k	$164.20	+
2026-03-23	TTAM	Titan America SA	52	Lawrence Hugh Wilt Jr.	Chief Financial Officer	$299k	20k	$14.93	+
2026-03-20	AMR	Alpha Metallurgical Resources, Inc.	58	Kenneth S. Courtis	Director	$262k	1k	$192.23	+
2026-03-20	AMR	Alpha Metallurgical Resources, Inc.	58	Kenneth S. Courtis	Director	$492k	3k	$189.37	+
2026-03-20	SBSW	D/B/A Sibanye-Stillwater Limited	54	Charl Keyter	Chief Financial Officer	$1.7M	149k	$11.63	+
2026-03-20	AIRS	AirSculpt Technologies, Inc.	43	Jorey Chernett	10% Owner	$205k	78k	$2.64	+
2026-03-20	AMR	Alpha Metallurgical Resources, Inc.	58	Kenneth S. Courtis	Director	$175k	900	$193.94	+
2026-03-20	AMR	Alpha Metallurgical Resources, Inc.	58	Kenneth S. Courtis	Director	$115k	608	$188.85	+
2026-03-20	AMR	Alpha Metallurgical Resources, Inc.	58	Kenneth S. Courtis	Director	$324k	2k	$193.17	+
2026-03-20	GO	Grocery Outlet Holding Corp.	51	N. J. Potter Jason	President and CEO	$1.7M	286k	$5.90	+
2026-03-19	BETR	Better Home & Finance Holding Company	69	Framework Ventures IV L.P. / Framework Ventures Management LLC / Framework Ventures IV GP LLC / Vance Spencer / Michael Ernest Anderson / Framework Labs, Inc.	10% Owner	$1.5M	53k	$28.48	+
2026-03-19	FCNCA	First Citizens BancShares, Inc.	60	HOLDING FRANK B JR	Chairman and CEO	$143k	92	$1550.00	+
2026-03-19	CRM	Salesforce, Inc.	60	Laura Alber	Director	$405k	2k	$194.59	+
2026-03-19	CORT	Corcept Therapeutics Incorporated	45	BAKER G LEONARD JR	Director	$2.5M	76k	$33.00	+
2026-03-19	NSP	Insperity, Inc.	54	Paul J Sarvadi	Chairman of the Board & CEO	$3.7M	160k	$23.22	+
2026-03-19	CORT	Corcept Therapeutics Incorporated	45	BAKER G LEONARD JR	Director	$813k	24k	$33.56	+
2026-03-19	PHR	Phreesia, Inc.	55	Pale Fire Capital SE / Fire Capital Sicav A.S. Pale / Fire Capital Investicni Spolecnost A.S. Pale / Dusan Senkypl / Barta Jan	10% Owner	$5.8M	519k	$11.15	+
2026-03-19	GO	Grocery Outlet Holding Corp.	51	Erik D. Ragatz	Director	$288k	50k	$5.75	+
2026-03-19	GO	Grocery Outlet Holding Corp.	51	Erik D. Ragatz	Director	$199k	34k	$5.85	+
2026-03-19	NSP	Insperity, Inc.	54	Paul J Sarvadi	Chairman of the Board & CEO	$542k	23k	$23.57	+
2026-03-19	PHR	Phreesia, Inc.	55	Pale Fire Capital SE / Fire Capital Sicav A.S. Pale / Fire Capital Investicni Spolecnost A.S. Pale / Dusan Senkypl / Barta Jan	10% Owner	$3.4M	303k	$11.20	+
2026-03-19	NFBK	Northfield Bancorp, Inc.	53	Paul Stahlin	Director	$132k	10k	$13.19	+
2026-03-19	PHR	Phreesia, Inc.	55	Pale Fire Capital SE / Fire Capital Sicav A.S. Pale / Fire Capital Investicni Spolecnost A.S. Pale / Dusan Senkypl / Barta Jan	10% Owner	$9.1M	780k	$11.69	+
2026-03-19	SBSW	D/B/A Sibanye-Stillwater Limited	54	Thabane Vincent Maphai	Director	$160k	12k	$13.34	+
2026-03-19	URG	Ur Energy Inc	53	Jade Walle	VICE PRESIDENT FINANCE	$150k	108k	$1.39	+
2026-03-19	NSP	Insperity, Inc.	54	Paul J Sarvadi	Chairman of the Board & CEO	$338k	15k	$22.53	+
2026-03-18	EXFY	Expensify, Inc.	51	McLaughlin Steven J. / Steven J. McLaughlin Revocable Trust / EXP 2020 SPV LP / SF Roofdeck GP LLC	10% Owner	$420k	500k	$0.84	+
2026-03-18	EXFY	Expensify, Inc.	51	McLaughlin Steven J. / Steven J. McLaughlin Revocable Trust / EXP 2020 SPV LP / SF Roofdeck GP LLC	10% Owner	$433k	456k	$0.95	+
2026-03-18	EXFY	Expensify, Inc.	51	McLaughlin Steven J. / Steven J. McLaughlin Revocable Trust / EXP 2020 SPV LP / SF Roofdeck GP LLC	10% Owner	$485k	500k	$0.97	+
2026-03-18	CRM	Salesforce, Inc.	60	David Blair Kirk	Director	$500k	3k	$194.62	+
2026-03-18	EXFY	Expensify, Inc.	51	McLaughlin Steven J. / Steven J. McLaughlin Revocable Trust / EXP 2020 SPV LP / SF Roofdeck GP LLC	10% Owner	$335k	327k	$1.02	+
2026-03-18	KLC	KinderCare Learning Companies, Inc.	49	John T. Wyatt	Chief Executive Officer	$569k	275k	$2.07	+
2026-03-18	KLC	KinderCare Learning Companies, Inc.	49	John T. Wyatt	Chief Executive Officer	$429k	219k	$1.96	+
2026-03-18	TNXP	Tonix Pharmaceuticals Holding Corp.	55	Seth Lederman	Chief Executive Officer	$223k	15k	$14.89	+
2026-03-18	EXFY	Expensify, Inc.	51	McLaughlin Steven J. / Steven J. McLaughlin Revocable Trust / EXP 2020 SPV LP / SF Roofdeck GP LLC	10% Owner	$462k	480k	$0.96	+
2026-03-18	ORBS	Eightco Holdings Inc.	62	BITMINE IMMERSION TECHNOLOGIES, INC.	10% Owner	$77.0M	87.0M	$0.89	+
2026-03-18	AIRS	AirSculpt Technologies, Inc.	43	Jorey Chernett	10% Owner	$212k	83k	$2.56	+
2026-03-18	GPGI	GPGI, Inc.	73	Thomas R. Knott	Principal executive officer and Chief Investment Officer	$752k	44k	$17.08	+
2026-03-18	WAT	Waters Corporation	41	Wei Jiang	Director	$145k	500	$289.46	+
2026-03-18	BW	Babcock & Wilcox Enterprises, Inc.	61	Kenneth M Young	Chief Executive Officer	$106k	7k	$15.14	+
2026-03-17	SCM	Stellus Capital Investment Corporation	59	Bruce R Bilger	Director	$170k	19k	$8.76	+
2026-03-17	GO	Grocery Outlet Holding Corp.	51	Erik D. Ragatz	Director	$609k	100k	$6.09	+
2026-03-17	TOI	The Oncology Institute, Inc.	45	Jorey Chernett	10% Owner	$768k	263k	$2.92	+
2026-03-17	FCNCA	First Citizens BancShares, Inc.	60	HOLDING FRANK B JR	Chairman and CEO	$208k	134	$1550.00	+
2026-03-17	TOI	The Oncology Institute, Inc.	45	Jorey Chernett	10% Owner	$201k	61k	$3.29	+
2026-03-17	WEST	Westrock Coffee Company	34	Joe T Ford	Director	$253k	55k	$4.60	+
2026-03-17	TOI	The Oncology Institute, Inc.	45	Jorey Chernett	10% Owner	$257k	75k	$3.42	+
2026-03-17	FOA	Finance of America Companies Inc.	52	Matthew A Engel	Chief Financial Officer	$174k	11k	$16.45	+
2026-03-17	ARQ	Arq, Inc.	48	Carol S Eicher	Director	$151k	78k	$1.95	+
2026-03-17	SARO	StandardAero, Inc.	61	Paul Mcelhinney	Director	$984k	37k	$26.41	+
2026-03-17	SDHC	Smith Douglas Homes Corp.	66	Bradbury Thomas L	Director, 10% Owner	$257k	23k	$11.36	+
2026-03-17	CBZ	CBIZ, Inc.	55	Brad S. Lakhia	Senior Vice President & CFO	$332k	13k	$25.97	+
2026-03-17	LOAR	Loar Holdings Inc.	56	Paul S Levy	Director	$4.9M	75k	$64.90	+
2026-03-17	AVO	Mission Produce, Inc.	62	Globalharvest Holdings Venture Ltd	10% Owner	$486k	41k	$11.99	+
2026-03-17	RDDT	Reddit, Inc.	55	Sarah E Farrell	Director	$1.4M	11k	$132.26	+
2026-03-17	SONO	Sonos, Inc.	53	Coliseum Capital Management, LLC / Christopher S Shackelton / Coliseum Capital, LLC / COLISEUM CAPITAL PARTNERS, L.P. / Adam Gray / Coliseum Capital Co-Invest IV, L.P.	10% Owner	$1.7M	125k	$13.57	+
2026-03-17	SDHC	Smith Douglas Homes Corp.	66	George Ervin Perdue III	Director	$249k	20k	$12.27	+
2026-03-17	SCM	Stellus Capital Investment Corporation	59	Robert T. Ladd	President and CEO	$305k	35k	$8.70	+
2026-03-17	SONO	Sonos, Inc.	53	Coliseum Capital Management, LLC / Christopher S Shackelton / Coliseum Capital, LLC / COLISEUM CAPITAL PARTNERS, L.P. / Adam Gray / Coliseum Capital Co-Invest IV, L.P.	10% Owner	$1.2M	90k	$13.20	+
2026-03-17	CBSH	Commerce Bancshares, Inc.	53	Timothy S Dunn	Director	$119k	3k	$47.71	+
2026-03-17	POOL	Pool Corporation	74	DE LA Mesa Manuel J Perez	Director	$1.0M	5k	$205.00	+
2026-03-17	SOFI	SoFi Technologies, Inc.	67	Anthony Noto	Chief Executive Officer	$501k	29k	$17.32	+
2026-03-17	SLRC	SLR Investment Corp.	79	GROSS MICHAEL S	Co-Chief Executive Officer, President, Chairman of the Board	$348k	25k	$13.91	+
2026-03-17	SLRC	SLR Investment Corp.	79	GROSS MICHAEL S	Co-Chief Executive Officer, President, Chairman of the Board	$145k	10k	$13.90	+
2026-03-17	AVO	Mission Produce, Inc.	62	Globalharvest Holdings Venture Ltd	10% Owner	$2.1M	177k	$11.87	+
2026-03-17	SONO	Sonos, Inc.	53	Coliseum Capital Management, LLC / Christopher S Shackelton / Coliseum Capital, LLC / COLISEUM CAPITAL PARTNERS, L.P. / Adam Gray / Coliseum Capital Co-Invest IV, L.P.	10% Owner	$184k	14k	$13.25	+
2026-03-16	CASY	Caseys General Stores, Inc.	44	Mike Spanos	Director	$200k	300	$665.43	+
2026-03-16	MBX	MBX Biosciences, Inc.	38	Hawryluk P. Kent	President & CEO	$526k	19k	$28.41	+
2026-03-16	TGLS	Tecnoglass Inc.	66	Energy Holding Corp	10% Owner	$4.9M	108k	$45.28	+
2026-03-16	LINE	Lineage, Inc.	45	Kevin Patrick Marchetti	Co-Executive Chairman	$499k	13k	$37.50	+
2026-03-16	ALTG	Alta Equipment Group Inc.	60	Mill Road Capital III, L.P. / Mill Road Capital III GP LLC / Thomas E Lynch	10% Owner	$355k	58k	$6.10	+
2026-03-16	SENS	Senseonics Holdings, Inc.	79	Douglas A Roeder	Director	$100k	18k	$5.73	+
2026-03-16	AMRZ	Amrize Ltd	65	Roald Brouwer	Chief Technology Officer	$110k	2k	$54.88	+
2026-03-16	AMRZ	Amrize Ltd	65	Mario Gross	Chief Supply Chain Officer	$111k	2k	$55.39	+
2026-03-16	IFF	International Flavors & Fragrances, Inc.	45	Paul J Fribourg	Director	$995k	14k	$70.07	+
2026-03-16	VRTS	Virtus Investment Partners, Inc.	54	Howard W Morris	Director	$259k	2k	$129.35	+
2026-03-16	VRTS	Virtus Investment Partners, Inc.	54	Howard W Morris	Director	$246k	2k	$129.62	+
2026-03-16	CTEV	Claritev Corporation	47	Michael Kim	EVP, Chief Digital Officer	$248k	15k	$16.50	+
2026-03-16	IFF	International Flavors & Fragrances, Inc.	45	Paul J Fribourg	Director	$10.0M	142k	$70.13	+
2026-03-16	BBSI	Barrett Business Services, Inc.	60	Gary Kramer	President & CEO	$225k	8k	$26.89	+
2026-03-16	IFF	International Flavors & Fragrances, Inc.	45	Erik J Fyrwald	Chief Executive Officer	$933k	13k	$69.85	+
2026-03-16	BLDR	Builders FirstSource, Inc.	66	Paul S Levy	Director	$4.4M	50k	$87.73	+
2026-03-16	DCH	Dauch Corporation	48	David B. Walker	Director	$182k	35k	$5.20	+
2026-03-16	BETR	Better Home & Finance Holding Company	69	Framework Ventures IV L.P. / Framework Ventures Management LLC / Framework Ventures IV GP LLC / Vance Spencer / Michael Ernest Anderson / Framework Labs, Inc.	10% Owner	$739k	25k	$29.55	+
2026-03-16	WEST	Westrock Coffee Company	34	Joe T Ford	Director	$176k	45k	$3.92	+
2026-03-16	BWFG	Bankwell Financial Group, Inc.	55	SEIDMAN LAWRENCE B	Director	$192k	4k	$46.95	+
2026-03-16	ALKT	Alkami Technology, Inc.	51	GENERAL ATLANTIC, L.P. / GENERAL ATLANTIC GENPAR, L.P. / General Atlantic Partners 100, L.P. / GAP COINVESTMENTS III, LLC / GAP COINVESTMENTS IV, LLC / GAP Coinvestments V, LLC / General Atlantic Partners (Bermuda) EU, L.P. / General Atlantic Partners (Lu	Director, 10% Owner	$9.2M	500k	$18.33	+
2026-03-16	ALKT	Alkami Technology, Inc.	51	GENERAL ATLANTIC GENPAR (BERMUDA), L.P. / GAP (Bermuda) L.P. / GAP Coinvestments CDA, L.P. / Atlantic (Al), L.P. General / General Atlantic (AL) SPV, L.P. / General Atlantic (SPV) GP, LLC / GA AL Holding, L.P. / General Atlantic Partners (Bermuda) IV, L.P	Director, 10% Owner	$9.2M	500k	$18.33	+
2026-03-16	BWFG	Bankwell Financial Group, Inc.	55	SEIDMAN LAWRENCE B	Director	$116k	2k	$46.96	+
2026-03-16	AIRS	AirSculpt Technologies, Inc.	43	Jorey Chernett	10% Owner	$257k	106k	$2.43	+
2026-03-16	VNO	Vornado Realty Trust	39	TISCH DANIEL R	Director	$767k	30k	$25.55	+
2026-03-16	ABSI	Absci Corporation	42	Andreas Busch	Chief Innovation Officer	$229k	100k	$2.29	+
2026-03-16	TRIN	Trinity Capital Inc.	42	Steve Louis Brown	Executive Chairman	$400k	27k	$14.75	+
2026-03-16	RPC	Ridgepost Capital, Inc.	46	K. Huebner Trust Charles	Other	$174k	20k	$8.68	+
2026-03-16	TGLS	Tecnoglass Inc.	66	Energy Holding Corp	10% Owner	$4.9M	108k	$45.11	+
2026-03-16	VSNT	Versant Media Group, Inc.	52	Leonard Potter	Director	$112k	3k	$37.31	+
2026-03-16	MTN	Vail Resorts, Inc.	59	Robert A Katz	CEO & Chairperson of the Board	$4.9M	38k	$131.81	+
2026-03-16	VSNT	Versant Media Group, Inc.	52	Leonard Potter	Director	$115k	3k	$38.34	+
2026-03-16	KGS	Kodiak Gas Services, Inc.	41	Randall J Hogan	Director	$329k	6k	$54.81	+
2026-03-16	KGS	Kodiak Gas Services, Inc.	41	Alexander Newsom Darden	Director	$274k	5k	$54.75	+
2026-03-16	VSNT	Versant Media Group, Inc.	52	Leonard Potter	Director	$189k	5k	$37.88	+
2026-03-13	BWFG	Bankwell Financial Group, Inc.	55	SEIDMAN LAWRENCE B	Director	$115k	2k	$46.87	+
2026-03-13	GOGO	Gogo Inc.	57	Charles C Townsend	Director	$415k	91k	$4.54	+
2026-03-13	SNDA	Sonida Senior Living, Inc.	45	Michael Simanovsky / Conversant Capital LLC / Conversant GP Holdings LLC / Conversant Dallas Parkway (A) LP / Conversant Dallas Parkway (B) LP / Conversant Private GP LLC / Conversant PIF Aggregator A, LP	Director, 10% Owner	$6.0M	225k	$26.74	+
2026-03-13	LOAR	Loar Holdings Inc.	56	Raja Bobbili	Director, 10% Owner	$1.9M	30k	$64.17	+
2026-03-13	ALTG	Alta Equipment Group Inc.	60	Mill Road Capital III, L.P. / Mill Road Capital III GP LLC / Thomas E Lynch	10% Owner	$115k	18k	$6.36	+
2026-03-13	CPNG	Coupang, Inc.	77	Neil Mehta	Director	$42.9M	2.3M	$18.40	+
2026-03-13	CRH	CRH PLC	58	Richard H Fearon	Director	$397k	4k	$104.49	+
2026-03-13	STAA	STAAR Surgical Company	49	BROADWOOD PARTNERS, L.P. / BROADWOOD CAPITAL INC / Neal C Bradsher	Director, 10% Owner	$5.4M	299k	$18.12	+
2026-03-13	BWFG	Bankwell Financial Group, Inc.	55	SEIDMAN LAWRENCE B	Director	$191k	4k	$46.87	+
2026-03-13	NP	Neptune Insurance Holdings Inc.	41	Burgess Trevor R	CEO & Chairman of the Board	$935k	50k	$18.71	+
2026-03-13	CPNG	Coupang, Inc.	77	Neil Mehta	Director	$37.6M	2.0M	$18.64	+
2026-03-13	GOGO	Gogo Inc.	57	Charles C Townsend	Director	$724k	159k	$4.57	+
2026-03-13	FOX	Fox Corporation	56	Lachlan K Murdoch	Executive Chair, CEO	$10.6M	175k	$60.63	+
2026-03-13	CPNG	Coupang, Inc.	77	Neil Mehta	Director	$56.0M	3.0M	$18.68	+
2026-03-13	STAA	STAAR Surgical Company	49	BROADWOOD PARTNERS, L.P. / BROADWOOD CAPITAL INC / Neal C Bradsher	Director, 10% Owner	$5.9M	316k	$18.61	+
2026-03-13	BETR	Better Home & Finance Holding Company	69	Framework Ventures IV L.P. / Framework Ventures Management LLC / Framework Ventures IV GP LLC / Vance Spencer / Michael Ernest Anderson / Framework Labs, Inc.	10% Owner	$1.0M	29k	$34.12	+
2026-03-13	AMR	Alpha Metallurgical Resources, Inc.	58	Kenneth S. Courtis	Director	$515k	3k	$187.87	+
2026-03-13	BH	Biglari Holdings Inc.	62	Sardar Biglari, / BIGLARI CAPITAL CORP. / LION FUND, L.P.	Chairman and CEO	$849k	3k	$302.20	+
2026-03-13	SNDA	Sonida Senior Living, Inc.	45	Michael Simanovsky / Conversant Capital LLC / Conversant GP Holdings LLC / Conversant Dallas Parkway (A) LP / Conversant Dallas Parkway (B) LP / Conversant Private GP LLC / Conversant PIF Aggregator A, LP	Director, 10% Owner	$49.1M	1.8M	$26.74	+
2026-03-13	CPS	Cooper-Standard Holdings Inc.	53	David John Mastrocola	Director	$101k	3k	$29.77	+
2026-03-13	AMR	Alpha Metallurgical Resources, Inc.	58	Kenneth S. Courtis	Director	$759k	4k	$187.36	+
2026-03-13	AMR	Alpha Metallurgical Resources, Inc.	58	Kenneth S. Courtis	Director	$114k	611	$185.91	+
2026-03-13	AMR	Alpha Metallurgical Resources, Inc.	58	Kenneth S. Courtis	Director	$481k	3k	$185.28	+
2026-03-13	PTLO	Portillo's Inc.	79	Eugene I Lee JR	Director	$1.5M	286k	$5.18	+
2026-03-13	LEE	Lee Enterprises, Incorporated	67	David Henry Hoffmann	Director, 10% Owner	$261k	28k	$9.40	+
2026-03-13	STAA	STAAR Surgical Company	49	BROADWOOD PARTNERS, L.P. / BROADWOOD CAPITAL INC / Neal C Bradsher	Director, 10% Owner	$960k	55k	$17.52	+
2026-03-13	LEE	Lee Enterprises, Incorporated	67	David Henry Hoffmann	Director, 10% Owner	$260k	28k	$9.35	+
2026-03-13	CRH	CRH PLC	58	Siobhan Talbot	Director	$204k	2k	$102.11	+
2026-03-13	SNDA	Sonida Senior Living, Inc.	45	Michael Simanovsky / Conversant Capital LLC / Conversant GP Holdings LLC / Conversant Dallas Parkway (A) LP / Conversant Dallas Parkway (B) LP / Conversant Private GP LLC / Conversant PIF Aggregator A, LP	Director, 10% Owner	$2.3M	88k	$26.74	+
2026-03-13	SNDA	Sonida Senior Living, Inc.	45	Michael Simanovsky / Conversant Capital LLC / Conversant GP Holdings LLC / Conversant Dallas Parkway (A) LP / Conversant Dallas Parkway (B) LP / Conversant Private GP LLC / Conversant PIF Aggregator A, LP	Director, 10% Owner	$42.6M	1.6M	$26.74	+
2026-03-13	FG	F&G Annuities & Life, Inc.	52	Christopher O Blunt	Chief Executive Officer	$210k	10k	$20.99	+
2026-03-13	ALKT	Alkami Technology, Inc.	51	Joseph P. Payne	Director	$100k	6k	$18.23	+
2026-03-13	LEE	Lee Enterprises, Incorporated	67	David Henry Hoffmann	Director, 10% Owner	$259k	28k	$9.33	+
2026-03-13	LOAR	Loar Holdings Inc.	56	Raja Bobbili	Director, 10% Owner	$1.3M	20k	$62.76	+
2026-03-13	LOAR	Loar Holdings Inc.	56	Anthony Carpenito	Director, 10% Owner	$227k	3k	$65.16	+
2026-03-12	KRRO	Korro Bio, Inc.	63	Mohamad Makhzoumi	10% Owner	$2.3M	207k	$11.11	+
2026-03-12	KRRO	Korro Bio, Inc.	63	Edward T Mathers	10% Owner	$2.3M	207k	$11.11	+
2026-03-12	AMR	Alpha Metallurgical Resources, Inc.	58	Kenneth S. Courtis	Director	$102k	554	$184.66	+
2026-03-12	AMR	Alpha Metallurgical Resources, Inc.	58	Kenneth S. Courtis	Director	$370k	2k	$183.88	+
2026-03-12	AMR	Alpha Metallurgical Resources, Inc.	58	Kenneth S. Courtis	Director	$544k	3k	$182.92	+
2026-03-12	AMR	Alpha Metallurgical Resources, Inc.	58	Kenneth S. Courtis	Director	$325k	2k	$181.93	+
2026-03-12	AMR	Alpha Metallurgical Resources, Inc.	58	Kenneth S. Courtis	Director	$1.4M	8k	$180.67	+
2026-03-12	CVSA	Adtalem Global Education Inc.	42	Michael W Malafronte	Director	$1.2M	12k	$100.86	+
2026-03-12	CVSA	Adtalem Global Education Inc.	42	Michael W Malafronte	Director	$1.5M	15k	$100.86	+
2026-03-12	CVSA	Adtalem Global Education Inc.	42	Michael W Malafronte	Director	$897k	9k	$100.94	+
2026-03-12	SMRT	SmartRent, Inc.	81	Thomas N Bohjalian	Director	$260k	150k	$1.74	+
2026-03-12	LOAR	Loar Holdings Inc.	56	Charles Dirkson R	President, Chief Executive Officer, and Executive Co-Chairman	$229k	3k	$67.41	+
2026-03-12	LOAR	Loar Holdings Inc.	56	Charles Dirkson R	President, Chief Executive Officer, and Executive Co-Chairman	$281k	4k	$67.49	+
2026-03-12	LOAR	Loar Holdings Inc.	56	Charles Dirkson R	President, Chief Executive Officer, and Executive Co-Chairman	$2.5M	36k	$67.45	+
2026-03-12	BBBY	Bed Bath & Beyond, Inc.	57	Joseph J Tabacco JR	Director	$102k	20k	$5.11	+
2026-03-12	PFLT	PennantPark Floating Rate Capital Ltd.	48	Richard T Allorto JR	CFO and Treasurer	$122k	15k	$8.15	+
2026-03-12	KRRO	Korro Bio, Inc.	63	Rick Yang	10% Owner	$2.3M	207k	$11.11	+
2026-03-12	KRRO	Korro Bio, Inc.	63	Scott D Sandell	10% Owner	$2.3M	207k	$11.11	+
2026-03-12	KRRO	Korro Bio, Inc.	63	New Enterprise Associates 17, L.P. / NEA Partners 17, L.P. / NEA 17 GP, LLC	10% Owner	$2.3M	207k	$11.11	+
2026-03-12	KRRO	Korro Bio, Inc.	63	Carmen Chang	10% Owner	$2.3M	207k	$11.11	+
2026-03-12	KRRO	Korro Bio, Inc.	63	Forest Baskett	10% Owner	$2.3M	207k	$11.11	+
2026-03-12	KRRO	Korro Bio, Inc.	63	Paul Edward Walker	10% Owner	$2.3M	207k	$11.11	+
2026-03-12	KRRO	Korro Bio, Inc.	63	Anthony A. Florence Jr.	10% Owner	$2.3M	207k	$11.11	+
2026-03-12	LKFN	Lakeland Financial Corporation	50	Scott M Welch	Director	$562k	10k	$56.23	+
2026-03-12	IP	International Paper Company	63	GUSTAFSSON ANDERS	Director	$500k	13k	$38.84	+
2026-03-12	IP	International Paper Company	63	GUSTAFSSON ANDERS	Director	$500k	13k	$37.83	+
2026-03-12	AHCO	AdaptHealth Corp.	67	Richard M Cashin JR	10% Owner	$6.7M	689k	$9.73	+
2026-03-12	AHCO	AdaptHealth Corp.	67	Richard M Cashin JR	10% Owner	$5.2M	537k	$9.73	+
2026-03-12	VENU	Venu Holding Corporation	59	ROTH JAY W	CEO & Chairman	$250k	63k	$4.00	+
2026-03-12	COFS	ChoiceOne Financial Services, Inc.	48	Eric E Burrough	Director	$138k	5k	$27.50	+
2026-03-12	INSW	International Seaways, Inc.	36	Famatown Finance Ltd / GREENWICH HOLDINGS LTD. / C.K. Ltd	10% Owner	$22.7M	300k	$75.61	+
2026-03-12	INSW	International Seaways, Inc.	36	Famatown Finance Ltd / GREENWICH HOLDINGS LTD. / C.K. Ltd	10% Owner	$11.8M	156k	$75.34	+
2026-03-12	NMFC	New Mountain Finance Corporation	57	Steven B Klinsky	Director, 10% Owner	$1.5M	184k	$8.05	+
2026-03-12	NMFC	New Mountain Finance Corporation	57	Steven B Klinsky	Director, 10% Owner	$1.2M	149k	$8.05	+
2026-03-12	NMFC	New Mountain Finance Corporation	57	Steven B Klinsky	Director, 10% Owner	$741k	92k	$8.05	+
2026-03-12	NMFC	New Mountain Finance Corporation	57	Steven B Klinsky	Director, 10% Owner	$600k	75k	$8.05	+
2026-03-12	BWFG	Bankwell Financial Group, Inc.	55	SEIDMAN LAWRENCE B	Director	$191k	4k	$46.64	+
2026-03-12	ALLE	Allegion plc	66	Sue Main	Director	$194k	1k	$149.58	+
2026-03-12	KOS	Kosmos Energy Ltd.	57	Andrew G Inglis	Chairman and CEO	$600k	316k	$1.90	+
2026-03-12	BWFG	Bankwell Financial Group, Inc.	55	SEIDMAN LAWRENCE B	Director	$115k	2k	$46.64	+
2026-03-12	KOS	Kosmos Energy Ltd.	57	Nealesh D. Shah	SVP and CFO	$300k	158k	$1.90	+
2026-03-12	KOS	Kosmos Energy Ltd.	57	Adebayo O. Ogunlesi	Director	$6.0M	3.2M	$1.90	+
2026-03-12	AMT	American Tower Corporation (REIT)	58	Rajesh Kalathur	Director	$495k	3k	$185.30	+
2026-03-12	PATK	Patrick Industries, Inc.	64	Scott M Welch	Director	$1.1M	10k	$113.68	+
2026-03-12	ROCK	Gibraltar Industries, Inc.	60	James S Metcalf	Director	$502k	12k	$40.35	+
2026-03-12	GO	Grocery Outlet Holding Corp.	51	Erik D. Ragatz	Director	$750k	125k	$6.00	+
2026-03-12	AHCO	AdaptHealth Corp.	67	Richard M Cashin JR	10% Owner	$8.0M	821k	$9.73	+
2026-03-11	SSP	E.W. Scripps Company (The)	55	Savannah Brickner	10% Owner	$127k	28k	$4.59	+
2026-03-11	ALKT	Alkami Technology, Inc.	51	GENERAL ATLANTIC GENPAR (BERMUDA), L.P. / GAP (Bermuda) L.P. / GAP Coinvestments CDA, L.P. / Atlantic (Al), L.P. General / General Atlantic (SPV) GP, LLC / GA AL Holding, L.P. / General Atlantic Partners (Bermuda) IV, L.P. / General Atlantic (SPV) GP (Ber	Director, 10% Owner	$19.4M	1.1M	$17.56	+
2026-03-11	BWFG	Bankwell Financial Group, Inc.	55	SEIDMAN LAWRENCE B	Director	$115k	2k	$46.94	+
2026-03-11	AIRS	AirSculpt Technologies, Inc.	43	Jorey Chernett	10% Owner	$189k	88k	$2.15	+
2026-03-11	SRE	DBA Sempra	66	Richard J Mark	Director	$251k	3k	$93.30	+
2026-03-11	ALKT	Alkami Technology, Inc.	51	GENERAL ATLANTIC, L.P. / GENERAL ATLANTIC GENPAR, L.P. / General Atlantic Partners 100, L.P. / GAP COINVESTMENTS III, LLC / GAP COINVESTMENTS IV, LLC / GAP Coinvestments V, LLC / General Atlantic Partners (Bermuda) EU, L.P. / General Atlantic Partners (Lu	Director, 10% Owner	$14.6M	842k	$17.35	+
2026-03-11	SONO	Sonos, Inc.	53	Coliseum Capital Management, LLC / Christopher S Shackelton / Coliseum Capital, LLC / COLISEUM CAPITAL PARTNERS, L.P. / Adam Gray / Coliseum Capital Co-Invest IV, L.P.	10% Owner	$2.6M	180k	$14.22	+
2026-03-11	ALKT	Alkami Technology, Inc.	51	GENERAL ATLANTIC GENPAR (BERMUDA), L.P. / GAP (Bermuda) L.P. / GAP Coinvestments CDA, L.P. / Atlantic (Al), L.P. General / General Atlantic (SPV) GP, LLC / GA AL Holding, L.P. / General Atlantic Partners (Bermuda) IV, L.P. / General Atlantic (SPV) GP (Ber	Director, 10% Owner	$16.6M	900k	$18.41	+
2026-03-11	SRE	DBA Sempra	66	Cynthia J Warner	Director	$232k	3k	$92.95	+
2026-03-11	DSGR	Distribution Solutions Group, Inc.	56	Robert Zamarripa	Director	$297k	14k	$21.23	+
2026-03-11	FRAF	Franklin Financial Services Corporation	50	Gregory I Snook	Director	$106k	2k	$48.18	+
2026-03-11	GO	Grocery Outlet Holding Corp.	51	Carey F. Jaros	Director	$250k	40k	$6.26	+
2026-03-11	HBT	HBT Financial, Inc.	54	Eric E Burwell	Director	$105k	4k	$26.24	+
2026-03-11	ABG	Asbury Automotive Group Inc	60	Christopher B. Disantis	Director	$101k	500	$202.30	+
2026-03-11	SSP	E.W. Scripps Company (The)	55	Samantha J. Brickner	10% Owner	$213k	46k	$4.59	+
2026-03-11	SSP	E.W. Scripps Company (The)	55	Samantha J. Brickner	10% Owner	$284k	64k	$4.43	+
2026-03-11	NSP	Insperity, Inc.	54	James D Allison	EVP, Finance, CFO & Treasurer	$205k	10k	$20.45	+
2026-03-11	LINE	Lineage, Inc.	45	Kevin Patrick Marchetti	Co-Executive Chairman	$438k	11k	$39.05	+
2026-03-11	SSP	E.W. Scripps Company (The)	55	Mary Ann S. Sanchez	10% Owner	$565k	127k	$4.43	+
2026-03-11	ALKT	Alkami Technology, Inc.	51	GENERAL ATLANTIC, L.P. / GENERAL ATLANTIC GENPAR, L.P. / General Atlantic Partners 100, L.P. / GAP COINVESTMENTS III, LLC / GAP COINVESTMENTS IV, LLC / GAP Coinvestments V, LLC / General Atlantic Partners (Bermuda) EU, L.P. / General Atlantic Partners (Lu	Director, 10% Owner	$19.4M	1.1M	$17.56	+
2026-03-11	ACVA	ACV Auctions Inc.	28	George Chamoun	Chief Executive Officer	$123k	24k	$5.05	+
2026-03-11	FOUR	Shift4 Payments, Inc.	60	Isaacman Jared	10% Owner	$2.0M	44k	$45.75	+
2026-03-11	GO	Grocery Outlet Holding Corp.	51	Jeffrey York	Director	$687k	118k	$5.82	+
2026-03-11	ALKT	Alkami Technology, Inc.	51	GENERAL ATLANTIC, L.P. / GENERAL ATLANTIC GENPAR, L.P. / General Atlantic Partners 100, L.P. / GAP COINVESTMENTS III, LLC / GAP COINVESTMENTS IV, LLC / GAP Coinvestments V, LLC / General Atlantic Partners (Bermuda) EU, L.P. / General Atlantic Partners (Lu	Director, 10% Owner	$16.6M	900k	$18.41	+
2026-03-11	TSLX	Sixth Street Specialty Lending, Inc.	69	Alan Waxman	Vice President	$831k	45k	$18.47	+
2026-03-11	TSLX	Sixth Street Specialty Lending, Inc.	69	Alan Waxman	Vice President	$3.6M	200k	$18.18	+
2026-03-11	ALKT	Alkami Technology, Inc.	51	GENERAL ATLANTIC GENPAR (BERMUDA), L.P. / GAP (Bermuda) L.P. / GAP Coinvestments CDA, L.P. / Atlantic (Al), L.P. General / General Atlantic (SPV) GP, LLC / GA AL Holding, L.P. / General Atlantic Partners (Bermuda) IV, L.P. / General Atlantic (SPV) GP (Ber	Director, 10% Owner	$14.6M	842k	$17.35	+
2026-03-11	GO	Grocery Outlet Holding Corp.	51	Eric J. Lindberg Jr.	Director	$1.6M	275k	$5.98	+
2026-03-11	SSP	E.W. Scripps Company (The)	55	Savannah Brickner	10% Owner	$171k	39k	$4.43	+
2026-03-11	SSP	E.W. Scripps Company (The)	55	Mary Ann S. Sanchez	10% Owner	$429k	93k	$4.59	+
2026-03-11	TGLS	Tecnoglass Inc.	66	Energy Holding Corp	10% Owner	$4.4M	107k	$41.06	+
2026-03-11	TGLS	Tecnoglass Inc.	66	Energy Holding Corp	10% Owner	$4.7M	108k	$43.41	+
2026-03-11	TGLS	Tecnoglass Inc.	66	Energy Holding Corp	10% Owner	$4.1M	92k	$44.24	+
2026-03-11	BETR	Better Home & Finance Holding Company	69	Framework Ventures IV L.P. / Framework Ventures Management LLC / Framework Ventures IV GP LLC / Vance Spencer / Michael Ernest Anderson / Framework Labs, Inc.	10% Owner	$355k	10k	$35.46	+
2026-03-11	SOLV	Solventum Corporation	45	Amy Mcbride Wendell	Director	$100k	1k	$68.03	+
2026-03-11	AVTR	Avantor, Inc.	53	Sanjeev K Mehra	Director	$1.0M	125k	$8.01	+
2026-03-11	SONO	Sonos, Inc.	53	Coliseum Capital Management, LLC / Christopher S Shackelton / Coliseum Capital, LLC / COLISEUM CAPITAL PARTNERS, L.P. / Adam Gray / Coliseum Capital Co-Invest IV, L.P.	10% Owner	$4.5M	320k	$14.19	+
2026-03-11	BETR	Better Home & Finance Holding Company	69	Framework Ventures IV L.P. / Framework Ventures Management LLC / Framework Ventures IV GP LLC / Vance Spencer / Michael Ernest Anderson / Framework Labs, Inc.	10% Owner	$858k	22k	$39.73	+
2026-03-11	AMR	Alpha Metallurgical Resources, Inc.	58	Kenneth S. Courtis	Director	$314k	2k	$179.61	+
2026-03-11	AMR	Alpha Metallurgical Resources, Inc.	58	Kenneth S. Courtis	Director	$268k	2k	$177.67	+
2026-03-11	AMRZ	Amrize Ltd	65	Ian A Johnston	Chief Financial Officer	$250k	4k	$58.94	+
2026-03-11	SONO	Sonos, Inc.	53	Coliseum Capital Management, LLC / Christopher S Shackelton / Coliseum Capital, LLC / COLISEUM CAPITAL PARTNERS, L.P. / Adam Gray / Coliseum Capital Co-Invest IV, L.P.	10% Owner	$5.9M	420k	$13.95	+
2026-03-11	AMR	Alpha Metallurgical Resources, Inc.	58	Kenneth S. Courtis	Director	$105k	592	$178.01	+
2026-03-11	AMR	Alpha Metallurgical Resources, Inc.	58	Kenneth S. Courtis	Director	$1.6M	9k	$176.20	+
2026-03-11	AMR	Alpha Metallurgical Resources, Inc.	58	Kenneth S. Courtis	Director	$1.6M	9k	$175.49	+
2026-03-11	AMR	Alpha Metallurgical Resources, Inc.	58	Kenneth S. Courtis	Director	$438k	3k	$174.60	+
2026-03-11	CPRI	Capri Holdings Limited	64	John D Idol	Chairman & CEO	$989k	55k	$17.98	+
2026-03-11	AMRZ	Amrize Ltd	65	Roald Brouwer	Chief Technology Officer	$176k	3k	$58.72	+
2026-03-11	SFM	Sprouts Farmers Market, Inc.	46	Kristen E Blum	Director	$101k	1k	$76.00	+
2026-03-11	BWFG	Bankwell Financial Group, Inc.	55	SEIDMAN LAWRENCE B	Director	$192k	4k	$46.93	+
2026-03-10	BLCO	Bausch + Lomb Corporation	62	A Robert D Bailey	EVP & Chief Legal Officer	$250k	15k	$17.15	+
2026-03-10	AOSL	Alpha and Omega Semiconductor Limited	55	Mike F Chang	Director, 10% Owner	$641k	34k	$19.00	+
2026-03-10	AI	C3.ai, Inc.	48	Jim H. Snabe	Director	$225k	25k	$9.00	+
2026-03-10	EVR	Evercore Inc.	54	Sarah K Williamson	Director	$581k	2k	$290.43	+
2026-03-10	LKFN	Lakeland Financial Corporation	50	Scott M Welch	Director	$277k	5k	$55.45	+
2026-03-10	CORZ	Core Scientific, Inc.	43	Eric Stanton Weiss	Director	$102k	7k	$14.53	+
2026-03-10	TCPC	BlackRock TCP Capital Corp.	55	August Daniel Worrell	Co-Chief Investment Officer	$150k	40k	$3.75	+
2026-03-10	EOSE	Eos Energy Enterprises, Inc.	51	David Urban	Director	$100k	16k	$6.16	+
2026-03-10	ROCK	Gibraltar Industries, Inc.	60	William T Bosway	President and CEO	$172k	5k	$38.29	+
2026-03-10	TCPC	BlackRock TCP Capital Corp.	55	August Daniel Worrell	Co-Chief Investment Officer	$156k	40k	$3.89	+
2026-03-10	MLAB	Mesa Laboratories, Inc.	46	Shiraz Shabanali Ladiwala	Director	$253k	4k	$72.23	+
2026-03-10	VAC	Marriott Vacations Worldwide Corporation	48	Flaskey Michael	Title: President and Chief Operating Officer	$798k	12k	$67.39	+
2026-03-10	MNKD	MannKind Corporation	35	Michael Castagna	Chief Executive Officer	$259k	100k	$2.59	+
2026-03-10	BLCO	Bausch + Lomb Corporation	62	Brent L Saunders	CEO and Chairman of the Board	$252k	15k	$17.14	+
2026-03-10	TSLX	Sixth Street Specialty Lending, Inc.	69	Emery P Covington	Director	$138k	8k	$18.35	+
2026-03-10	LEE	Lee Enterprises, Incorporated	67	David Henry Hoffmann	Director, 10% Owner	$259k	28k	$9.30	+
2026-03-10	WAT	Waters Corporation	41	Richard H Fearon	Director	$306k	1k	$306.34	+
2026-03-10	LEE	Lee Enterprises, Incorporated	67	David Henry Hoffmann	Director, 10% Owner	$175k	19k	$9.19	+
2026-03-10	AMRZ	Amrize Ltd	65	Jaime Hill	President, Building Materials	$179k	3k	$56.34	+
2026-03-10	VSNT	Versant Media Group, Inc.	52	Gerald L Hassell	Director	$361k	10k	$36.07	+
2026-03-10	FSS	Federal Signal Corporation	53	Richard A Maue	Director	$222k	2k	$110.77	+
2026-03-10	ST	Sensata Technologies Holding plc	45	Schuckmann Stephan Von	CEO	$502k	15k	$33.11	+
2026-03-10	VAC	Marriott Vacations Worldwide Corporation	48	Flaskey Michael	Title: President and Chief Operating Officer	$188k	3k	$66.64	+
2026-03-10	VKTX	Viking Therapeutics, Inc.	63	Neil William Aubuchon	Chief Commercial Officer	$150k	4k	$33.50	+
2026-03-10	LEE	Lee Enterprises, Incorporated	67	David Henry Hoffmann	Director, 10% Owner	$250k	28k	$8.99	+
2026-03-10	MERC	Mercer International Inc.	68	KELLOGG PETER R	10% Owner	$237k	70k	$3.38	+
2026-03-09	ARVN	Arvinas, Inc.	66	Briggs Morrison	Director	$268k	20k	$13.40	+
2026-03-09	TCBI	Texas Capital Bancshares, Inc.	58	Robert W Stallings	Director	$125k	6k	$22.80	+
2026-03-09	EXE	Expand Energy Corporation	64	Michael Wichterich	Interim President and CEO	$108k	1k	$108.00	+
2026-03-09	PRCT	PROCEPT BioRobotics Corporation	55	Antal Rohit Desai	Director	$1.3M	54k	$24.91	+
2026-03-09	PRCT	PROCEPT BioRobotics Corporation	55	Antal Rohit Desai	Director	$1.0M	44k	$24.08	+
2026-03-09	PRCT	PROCEPT BioRobotics Corporation	55	Antal Rohit Desai	Director	$1.3M	54k	$24.10	+
2026-03-09	PRCT	PROCEPT BioRobotics Corporation	55	Antal Rohit Desai	Director	$2.5M	107k	$23.33	+
2026-03-09	PRCT	PROCEPT BioRobotics Corporation	55	Antal Rohit Desai	Director	$654k	25k	$26.41	+
2026-03-09	THO	Thor Industries, Inc.	61	Peter Busch Orthwein	Director	$229k	3k	$88.25	+
2026-03-09	STT	State Street Corporation	51	Brian J. Porter	Director	$312k	3k	$124.99	+
2026-03-09	ADMA	ADMA Biologics Inc	86	ELMS STEVE	Director	$110k	7k	$15.67	+
2026-03-09	ADMA	ADMA Biologics Inc	86	ELMS STEVE	Director	$108k	7k	$15.39	+
2026-03-09	VSNT	Versant Media Group, Inc.	52	David C Novak	Director	$5.3M	143k	$36.85	+
2026-03-09	TSLX	Sixth Street Specialty Lending, Inc.	69	Alan Waxman	Vice President	$1.8M	100k	$18.46	+
2026-03-09	BH	Biglari Holdings Inc.	62	Sardar Biglari, / BIGLARI CAPITAL CORP. / LION FUND, L.P.	Chairman and CEO	$1000k	3k	$301.06	+
2026-03-09	TSLX	Sixth Street Specialty Lending, Inc.	69	Alan Waxman	Vice President	$3.7M	200k	$18.42	+
2026-03-09	TCBI	Texas Capital Bancshares, Inc.	58	Robert W Stallings	Director	$454k	20k	$22.69	+
2026-03-09	TTEC	TTEC Holdings, Inc.	59	Marc Holtzman	Director	$124k	50k	$2.49	+
2026-03-09	QSI	Quantum-Si Incorporated	59	Paula Dowdy	Director	$104k	110k	$0.95	+
2026-03-09	HOG	Harley-Davidson, Inc.	50	Artie Starrs	President & CEO	$287k	15k	$19.10	+
2026-03-09	BRCC	BRC Inc.	41	Steven Taslitz	Director	$111k	150k	$0.74	+
2026-03-09	SFM	Sprouts Farmers Market, Inc.	46	Joel D Anderson	Director	$340k	4k	$77.17	+
2026-03-09	OUST	Ouster, Inc.	57	Virginia Boulet	Director	$136k	7k	$20.95	+
2026-03-09	EXE	Expand Energy Corporation	64	Michael Wichterich	Interim President and CEO	$107k	1k	$107.00	+
2026-03-09	MYGN	Myriad Genetics, Inc.	69	Samraat S. Raha	President and CEO	$200k	40k	$5.00	+
2026-03-09	XRAY	DENTSPLY SIRONA Inc.	71	Gregory T Lucier	Director	$187k	15k	$12.45	+
2026-03-09	COTY	Coty Inc.	52	Bretten Gordon Von	President - Consumer Beauty	$200k	83k	$2.41	+
2026-03-09	AMRZ	Amrize Ltd	65	Jan Philipp Jenisch	Chairman & CEO	$3.5M	60k	$58.05	+
2026-03-09	ABG	Asbury Automotive Group Inc	60	David W Hult	President & CEO	$698k	3k	$205.63	+
2026-03-09	LYEL	Lyell Immunopharma, Inc.	65	ARCH Venture Fund XIII, L.P. / ARCH Venture Partners XIII, L.P. / ARCH Venture Partners XIII, LLC / Keith Crandell / Robert Nelsen / Kristina Burow / Steven Gillis / BERNS PAUL L / Clinton Bybee	10% Owner	$12.5M	488k	$25.61	+
2026-03-09	BRCC	BRC Inc.	41	Steven Taslitz	Director	$113k	150k	$0.75	+
2026-03-09	LYEL	Lyell Immunopharma, Inc.	65	ARCH Venture Partners IX, LLC / ARCH Venture Partners IX, L.P. / ARCH Venture Partners IX Overage, L.P. / ARCH Venture Fund IX, L.P. / ARCH Venture Fund IX Overage, L.P.	10% Owner	$12.5M	488k	$25.61	+
2026-03-09	FIS	Fidelity National Information Services, Inc.	67	Stephanie Ferris	CEO and President	$1.0M	20k	$50.39	+
2026-03-09	GPRE	Green Plains, Inc.	50	Patrick Francis Sweeney	Director	$101k	6k	$15.87	+
2026-03-09	ABG	Asbury Automotive Group Inc	60	David W Hult	President & CEO	$328k	2k	$204.73	+
2026-03-09	QSI	Quantum-Si Incorporated	59	Charles R. Kummeth	Director	$460k	500k	$0.92	+
2026-03-09	PRCT	PROCEPT BioRobotics Corporation	55	Antal Rohit Desai	Director	$3.6M	142k	$25.44	+
2026-03-09	BR	Broadridge Financial Solutions, Inc.	70	Timothy C Gokey	CEO	$1.0M	5k	$194.49	+